rooms,area,floor,total_floors,year_built,price
3,65.8,9,22,2015.0,9899000.0
2,43.0,10,12,1997.0,5816000.0
4,103.1,16,16,2018.0,18187000.0
3,86.5,9,9,2011.0,15077000.0
1,32.1,4,5,1968.0,3904000.0
3,64.1,12,16,2023.0,11276000.0
2,38.6,13,16,2014.0,4866000.0
1,33.5,24,25,2015.0,6134000.0
1,33.1,1,9,1972.0,4156000.0
3,68.1,8,12,1998.0,11082000.0
1,36.3,1,9,1993.0,5232000.0
1,37.4,10,16,2021.0,6088000.0
1,36.9,5,12,2008.0,5814000.0
2,50.1,7,22,2017.0,10196000.0
2,45.4,15,16,1997.0,5592000.0
2,56.0,7,9,1982.0,6109000.0
1,35.1,7,12,2004.0,6169000.0
1,40.3,5,5,1964.0,3805000.0
2,56.7,2,16,2017.0,8527000.0
2,43.5,15,22,2008.0,7942000.0
3,63.4,2,9,2014.0,11042000.0
1,30.5,2,5,1991.0,4171000.0
1,28.7,3,16,2023.0,4767000.0
1,39.5,14,25,2020.0,8724000.0
2,54.1,14,22,2015.0,9058000.0
2,58.6,7,9,1979.0,7960000.0
3,74.4,4,9,1999.0,11851000.0
2,53.3,5,5,1961.0,4553000.0
2,59.2,4,9,1975.0,6390000.0
2,54.8,2,12,2010.0,10104000.0
1,35.4,1,9,2013.0,6684000.0
2,60.9,3,22,2023.0,8838000.0
2,52.7,3,5,1989.0,7378000.0
2,50.2,3,5,1992.0,6782000.0
1,30.0,11,12,1999.0,4130000.0
3,76.2,1,5,1978.0,8754000.0
4,102.4,2,5,1972.0,9720000.0
1,34.7,9,9,1999.0,4825000.0
2,59.8,1,12,1982.0,6442000.0
3,60.2,4,9,2010.0,9212000.0
1,34.7,1,5,1997.0,4932000.0
3,71.8,14,25,2017.0,11001000.0
2,47.6,16,16,2011.0,
4,109.3,4,16,1988.0,15065000.0
5,124.6,9,22,2017.0,25063000.0
1,32.6,8,16,2016.0,5699000.0
2,52.2,8,9,1994.0,6880000.0
2,40.0,12,12,1987.0,5809000.0
1,30.4,1,9,2010.0,4602000.0
2,57.9,3,5,1974.0,6394000.0
5,121.2,4,5,1979.0,15486000.0
1,30.0,1,9,1952.0,2169000.0
2,59.9,21,25,2015.0,10769000.0
3,80.0,3,12,2009.0,13524000.0
2,55.1,12,22,2011.0,10086000.0
2,49.3,30,30,2015.0,8560000.0
5,123.6,4,5,1998.0,20233000.0
2,47.2,12,12,2004.0,6784000.0
1,29.0,6,9,1974.0,3128000.0
1,28.7,2,5,1971.0,3955000.0
4,91.3,9,12,2010.0,12461000.0
1,28.8,6,9,1999.0,3791000.0
2,42.6,7,22,2004.0,6885000.0
1,36.3,1,12,2014.0,7008000.0
2,53.4,11,16,2008.0,8618000.0
4,105.2,7,12,2004.0,17701000.0
2,48.0,7,9,2004.0,5877000.0
5,126.8,3,16,,15823000.0
1,36.9,3,5,1958.0,2859000.0
2,50.5,5,5,1997.0,7422000.0
3,76.5,9,9,1981.0,7488000.0
2,56.7,12,12,1995.0,6616000.0
1,37.0,5,22,2018.0,7021000.0
3,70.5,1,5,1982.0,9131000.0
2,49.9,3,5,1963.0,4791000.0
2,43.8,5,9,1986.0,5956000.0
5,120.2,2,5,1987.0,16466000.0
1,31.3,2,16,2009.0,5136000.0
2,45.3,2,9,2004.0,6171000.0
1,37.6,8,22,2015.0,7001000.0
2,59.2,12,16,2009.0,10036000.0
1,29.6,1,12,1995.0,4529000.0
3,73.7,3,22,,12858000.0
1,28.8,2,5,1976.0,3075000.0
3,70.2,5,5,1956.0,6282000.0
1,30.9,9,9,1968.0,3215000.0
2,55.6,6,12,2012.0,8667000.0
2,47.9,1,5,1998.0,6398000.0
3,78.1,1,5,1976.0,7953000.0
2,50.5,11,12,2001.0,8189000.0
2,48.1,3,5,1975.0,4697000.0
3,64.5,1,9,2011.0,8964000.0
2,53.5,11,12,1997.0,7426000.0
1,40.4,7,12,1993.0,6804000.0
4,96.6,5,12,1988.0,14026000.0
2,65.4,8,16,2008.0,8658000.0
1,43.6,3,9,1992.0,7107000.0
2,50.2,9,9,,5573000.0
1,33.1,8,9,1971.0,3324000.0
1,37.8,5,25,2023.0,
3,67.0,19,25,2021.0,11703000.0
1,42.0,3,12,2011.0,7967000.0
3,74.2,5,9,1985.0,
4,96.5,17,22,2023.0,15738000.0
2,56.1,1,16,2015.0,10512000.0
3,82.3,12,16,2012.0,10476000.0
3,73.0,2,5,1998.0,10186000.0
5,124.3,4,5,1985.0,15163000.0
2,61.1,5,9,1968.0,7109000.0
1,40.8,1,25,2020.0,8028000.0
2,50.1,7,9,1998.0,7950000.0
2,52.0,3,9,1980.0,5422000.0
1,36.2,9,9,1988.0,5152000.0
2,54.2,19,22,2005.0,8790000.0
1,26.9,2,9,1977.0,2740000.0
4,85.7,16,25,2018.0,11686000.0
1,29.7,6,16,2014.0,5731000.0
1,29.2,8,12,2012.0,4931000.0
1,31.1,7,12,1996.0,4046000.0
1,,7,22,2007.0,6264000.0
1,34.0,8,12,2005.0,5710000.0
1,36.2,4,12,2009.0,6021000.0
1,27.7,5,5,1967.0,2404000.0
1,32.2,9,9,1995.0,5376000.0
2,55.5,2,9,1960.0,5711000.0
2,55.6,12,16,2000.0,7930000.0
2,47.7,9,9,1990.0,5895000.0
2,53.0,1,5,1974.0,5864000.0
1,48.2,4,5,1969.0,4744000.0
1,34.9,9,9,2005.0,5546000.0
1,30.8,2,5,1977.0,3266000.0
3,71.0,15,25,2021.0,12404000.0
5,125.6,13,16,2005.0,17118000.0
4,94.1,2,5,1991.0,11317000.0
2,51.8,4,16,2006.0,9391000.0
2,43.3,4,9,1956.0,3838000.0
2,46.2,8,22,2023.0,8425000.0
3,71.1,9,12,1999.0,8305000.0
3,71.0,10,25,2015.0,11205000.0
3,68.6,4,9,1967.0,7390000.0
3,70.9,9,9,2000.0,10132000.0
2,52.4,7,12,2000.0,-1.0
3,77.3,21,22,2022.0,13989000.0
3,71.4,7,9,2005.0,11423000.0
2,54.4,8,9,1999.0,8975000.0
4,91.8,3,12,1985.0,10920000.0
1,38.4,5,5,1990.0,3984000.0
5,127.3,16,16,2002.0,16362000.0
3,77.2,1,16,1997.0,9371000.0
1,39.3,2,5,1956.0,3904000.0
3,75.5,10,22,2017.0,9378000.0
1,34.4,10,22,2020.0,6024000.0
3,73.5,4,5,1974.0,
3,78.4,7,9,2004.0,12002000.0
2,48.1,2,9,1970.0,5609000.0
3,68.2,8,12,2010.0,9182000.0
1,36.1,9,9,1986.0,
1,37.5,4,9,2009.0,7193000.0
2,47.1,21,22,2012.0,7792000.0
1,34.6,6,9,2014.0,6111000.0
2,51.4,9,9,1970.0,4642000.0
1,21.7,20,22,2021.0,4049000.0
2,50.7,1,9,1982.0,5256000.0
2,51.1,5,5,1959.0,5005000.0
3,71.0,3,12,2004.0,13824000.0
1,43.5,8,9,1993.0,6613000.0
3,,21,25,2017.0,10333000.0
2,47.1,5,16,2016.0,5950000.0
2,36.3,1,9,1989.0,3805000.0
2,49.1,10,22,2023.0,10136000.0
2,49.6,3,9,1987.0,5784000.0
1,31.9,9,16,2001.0,4803000.0
2,58.6,1,5,1984.0,7471000.0
1,40.2,1,22,2022.0,8163000.0
2,52.5,3,5,1976.0,5924000.0
2,49.8,4,5,1961.0,4533000.0
2,58.2,3,9,1997.0,8412000.0
3,71.9,8,22,2024.0,12130000.0
1,30.1,4,22,2020.0,5201000.0
4,84.7,7,22,2013.0,14563000.0
3,69.4,7,22,2020.0,12341000.0
4,99.5,7,25,2020.0,21075000.0
3,85.7,5,12,2002.0,
1,35.4,3,9,1989.0,5500000.0
2,47.4,11,16,2015.0,7103000.0
1,27.9,5,12,2009.0,4925000.0
3,75.3,10,12,1993.0,9648000.0
2,41.4,6,9,1968.0,4490000.0
1,38.3,11,16,2013.0,7098000.0
4,99.9,8,12,1985.0,12780000.0
1,37.6,15,16,2022.0,8685000.0
2,50.7,2,5,1983.0,7219000.0
3,75.4,9,9,1972.0,8785000.0
1,36.0,4,16,2017.0,6939000.0
2,47.3,1,5,1975.0,6014000.0
3,83.1,8,9,1977.0,
1,32.9,20,22,2006.0,6115000.0
2,56.7,3,25,2019.0,8849000.0
1,20.5,3,5,1979.0,2421000.0
3,79.7,7,12,1988.0,11056000.0
1,43.8,4,16,2015.0,8671000.0
4,95.2,12,22,2023.0,15045000.0
3,75.4,9,12,2001.0,10653000.0
1,38.4,6,9,1974.0,4577000.0
2,48.1,5,9,1954.0,4031000.0
2,55.3,11,12,1982.0,7397000.0
3,67.1,2,5,1973.0,9690000.0
2,48.3,10,16,2010.0,8106000.0
1,41.8,2,5,1972.0,4462000.0
1,40.8,22,22,,5275000.0
5,120.8,3,9,2011.0,18984000.0
2,47.6,8,9,2005.0,6655000.0
3,68.1,6,9,1979.0,8496000.0
2,56.4,5,22,2016.0,
4,89.0,17,22,2012.0,13902000.0
1,37.1,3,9,2013.0,7710000.0
1,39.5,3,9,1973.0,4268000.0
4,94.5,2,5,1972.0,10246000.0
4,101.1,11,16,,18925000.0
2,50.2,4,9,1994.0,7625000.0
2,50.7,6,9,1988.0,7510000.0
2,46.1,9,16,2000.0,7094000.0
2,58.1,2,9,2009.0,10256000.0
1,30.4,4,16,2023.0,5323000.0
3,74.1,4,12,1987.0,10517000.0
1,34.6,4,16,2021.0,6970000.0
3,65.7,9,9,1957.0,6428000.0
1,31.3,7,16,2004.0,4189000.0
1,43.3,4,9,2008.0,6547000.0
3,73.2,7,9,1970.0,8479000.0
2,45.9,4,5,1974.0,3792000.0
3,73.8,7,9,1996.0,11008000.0
1,34.1,9,16,2023.0,7074000.0
4,,22,22,2006.0,16125000.0
3,73.7,20,22,2022.0,12505000.0
3,69.7,5,22,2016.0,10526000.0
1,,3,16,1999.0,6330000.0
2,41.0,9,22,2015.0,6542000.0
2,52.6,8,9,1955.0,4252000.0
2,64.0,9,9,1970.0,6027000.0
1,34.3,22,30,2017.0,5976000.0
1,24.6,21,30,2016.0,4246000.0
2,49.6,4,16,1982.0,7258000.0
1,43.7,6,9,2002.0,6623000.0
2,54.3,3,16,2006.0,8744000.0
1,30.0,14,25,2019.0,5142000.0
1,30.9,4,16,2006.0,4753000.0
2,48.6,1,9,1995.0,5393000.0
2,54.2,16,16,1993.0,5994000.0
2,60.0,9,9,1996.0,7125000.0
2,58.3,11,16,2009.0,9483000.0
3,74.7,14,22,2019.0,14334000.0
2,44.0,2,5,1998.0,5235000.0
2,44.0,7,12,1984.0,5237000.0
4,98.2,4,5,1983.0,10563000.0
2,43.9,9,16,2013.0,7058000.0
4,93.6,8,25,2017.0,17680000.0
3,,2,5,1970.0,7546000.0
1,28.2,8,9,1964.0,2915000.0
2,45.9,4,12,2006.0,8185000.0
3,71.4,9,9,1974.0,7976000.0
5,128.0,23,30,2017.0,20170000.0
2,58.4,5,5,1988.0,7403000.0
1,38.6,5,9,1974.0,4180000.0
2,52.4,5,22,2021.0,9607000.0
1,30.5,1,5,1976.0,3683000.0
3,65.6,7,12,1986.0,7286000.0
2,48.9,2,5,1975.0,5661000.0
3,74.5,2,9,1971.0,7979000.0
3,74.0,5,5,1956.0,6531000.0
2,39.4,5,5,1963.0,3956000.0
2,47.3,4,9,1977.0,5773000.0
3,79.2,4,5,1962.0,7389000.0
3,72.5,7,16,2006.0,12340000.0
3,63.5,6,12,2010.0,9336000.0
1,49.1,8,12,1994.0,6240000.0
2,51.8,4,9,1989.0,4812000.0
1,37.3,10,12,2001.0,5792000.0
3,74.4,4,16,2019.0,11830000.0
2,49.8,15,22,2018.0,8901000.0
2,47.6,9,9,1961.0,3444000.0
1,47.7,5,5,1978.0,5244000.0
2,58.0,1,9,1983.0,7188000.0
3,76.9,2,12,1984.0,8688000.0
1,38.5,8,12,2005.0,6494000.0
1,29.0,9,9,1995.0,3846000.0
3,79.7,5,5,1962.0,7261000.0
3,66.9,5,5,1993.0,9300000.0
1,36.7,3,16,2002.0,6342000.0
1,25.2,5,9,1969.0,2822000.0
5,112.8,22,30,2017.0,17671000.0
3,73.9,6,9,1962.0,6785000.0
2,47.1,18,22,2021.0,8815000.0
2,40.1,2,5,1969.0,3805000.0
1,38.2,12,25,2018.0,6772000.0
1,47.7,14,30,2020.0,8407000.0
3,80.3,24,25,2024.0,14305000.0
1,33.5,5,22,2016.0,5351000.0
1,35.1,9,25,2015.0,5040000.0
3,77.3,1,16,2008.0,12236000.0
4,101.7,5,30,2015.0,18715000.0
3,69.9,9,9,1973.0,6054000.0
2,52.2,11,12,2003.0,8207000.0
2,53.8,4,12,2001.0,8880000.0
2,55.3,16,22,2018.0,10072000.0
2,51.2,6,9,1998.0,7108000.0
2,51.3,15,16,1993.0,6416000.0
2,60.3,5,16,2008.0,9628000.0
2,59.3,9,9,1985.0,7349000.0
3,74.9,2,5,1974.0,8502000.0
5,135.3,9,12,1999.0,19427000.0
1,32.7,4,9,1996.0,4353000.0
2,61.7,4,5,1982.0,7926000.0
1,38.3,6,16,1992.0,5759000.0
2,71.6,8,9,1992.0,9988000.0
1,27.8,6,9,1990.0,3956000.0
1,30.9,3,9,1993.0,5233000.0
3,74.5,16,16,2010.0,10689000.0
2,54.4,9,12,1987.0,7978000.0
4,106.7,13,30,2022.0,17529000.0
1,,3,16,2021.0,6362000.0
1,40.4,16,16,1999.0,6619000.0
2,59.0,10,12,1990.0,7677000.0
1,39.2,9,12,2003.0,7277000.0
1,,14,16,2018.0,5517000.0
5,133.4,8,12,2009.0,19439000.0
1,42.4,7,30,2016.0,7250000.0
1,38.6,3,12,2002.0,6780000.0
2,53.2,2,16,2008.0,9203000.0
2,53.4,1,12,1987.0,5897000.0
2,51.5,17,22,2013.0,8386000.0
2,55.8,11,12,1980.0,6863000.0
3,72.2,3,16,2011.0,11132000.0
1,29.9,10,16,2019.0,6721000.0
2,45.7,2,9,1973.0,5195000.0
3,67.5,5,12,2007.0,10534000.0
3,73.3,4,5,1968.0,8558000.0
2,51.8,18,22,2012.0,8174000.0
2,53.3,5,5,1967.0,5739000.0
1,38.0,5,16,2022.0,5894000.0
1,31.2,9,9,1973.0,3300000.0
1,43.8,18,22,2023.0,9078000.0
3,70.4,6,16,2016.0,13781000.0
1,32.4,6,16,2006.0,4887000.0
3,74.9,3,25,2015.0,11452000.0
1,24.0,24,25,2016.0,4506000.0
3,67.3,4,16,2022.0,11189000.0
3,77.9,3,9,1984.0,9548000.0
1,24.6,10,22,2006.0,4374000.0
1,41.7,1,5,1968.0,4103000.0
1,44.1,10,12,2007.0,5842000.0
3,69.8,4,5,1977.0,7073000.0
1,36.8,3,16,2004.0,5917000.0
2,58.7,2,12,2005.0,7371000.0
2,49.2,1,12,1999.0,6631000.0
3,77.2,21,22,2002.0,9986000.0
2,48.0,6,12,2014.0,9302000.0
2,49.1,17,25,2016.0,10106000.0
5,120.2,2,12,2000.0,15861000.0
1,37.1,3,9,2006.0,6220000.0
3,78.9,14,25,,12645000.0
1,33.9,2,5,1971.0,3738000.0
2,44.4,6,9,1971.0,5680000.0
3,65.5,5,5,1967.0,6108000.0
3,74.4,4,12,2009.0,11544000.0
3,83.1,6,9,1996.0,10700000.0
1,37.4,15,16,2015.0,7346000.0
2,49.7,20,22,2010.0,5604000.0
2,56.6,1,12,1990.0,6889000.0
2,50.6,3,22,2020.0,8794000.0
2,49.7,16,16,2014.0,7341000.0
2,46.2,12,12,1985.0,6070000.0
2,60.5,4,12,1992.0,9268000.0
1,19.8,3,5,1989.0,2369000.0
2,56.8,3,5,1975.0,7816000.0
1,32.2,4,5,1974.0,3260000.0
3,69.5,17,22,2022.0,13910000.0
2,62.2,4,9,1997.0,9060000.0
1,30.7,5,5,1993.0,4016000.0
3,67.9,1,12,2013.0,10216000.0
3,71.2,1,12,2004.0,10312000.0
1,37.5,16,16,2022.0,6770000.0
1,32.3,6,30,2015.0,5168000.0
1,25.6,9,9,1999.0,3646000.0
1,29.8,3,9,1993.0,3988000.0
3,79.7,9,22,2024.0,12603000.0
5,125.4,1,12,2012.0,17917000.0
1,37.7,29,30,2022.0,6211000.0
3,70.4,2,5,1971.0,7309000.0
1,31.0,4,22,2018.0,5837000.0
2,62.1,11,22,2008.0,9954000.0
3,70.9,2,9,1972.0,9316000.0
2,49.3,18,22,2005.0,5926000.0
1,41.6,1,12,2010.0,6998000.0
2,47.7,3,5,1954.0,4076000.0
5,121.4,5,12,1998.0,19021000.0
1,35.1,1,22,2017.0,6399000.0
1,35.0,1,12,,4464000.0
1,36.6,7,12,1998.0,5663000.0
2,64.6,4,9,1997.0,8581000.0
2,54.0,2,9,1988.0,7528000.0
3,57.7,4,22,2021.0,8245000.0
3,74.0,18,22,2015.0,13385000.0
3,72.2,7,9,1970.0,7709000.0
3,72.3,16,25,2024.0,12380000.0
1,36.5,19,22,2019.0,6485000.0
2,51.8,1,12,1986.0,6230000.0
1,34.7,16,22,2018.0,7075000.0
2,55.7,7,9,,7750000.0
4,91.7,4,16,2024.0,18520000.0
3,66.3,9,16,2009.0,9991000.0
5,143.1,13,16,2009.0,24297000.0
2,47.7,4,5,1968.0,5311000.0
2,52.6,6,22,2020.0,8334000.0
2,43.0,6,9,1958.0,3413000.0
1,35.7,7,9,1983.0,4641000.0
1,29.4,1,9,1974.0,3564000.0
2,49.3,18,30,2015.0,6941000.0
1,41.3,5,9,1979.0,4796000.0
4,97.8,9,22,2021.0,18193000.0
1,38.4,1,16,2009.0,6144000.0
1,24.4,1,9,1959.0,2561000.0
3,83.0,4,5,1952.0,5896000.0
1,27.8,5,5,1962.0,3296000.0
4,104.2,4,9,,13727000.0
3,78.1,24,25,2016.0,10532000.0
1,38.5,9,9,1983.0,4757000.0
3,66.9,11,16,2018.0,10195000.0
2,52.9,3,5,1963.0,5141000.0
3,69.2,25,25,2016.0,11040000.0
3,72.2,14,22,2021.0,12455000.0
3,70.5,29,30,2015.0,10836000.0
2,39.8,16,16,2011.0,6407000.0
2,58.7,6,30,2018.0,9770000.0
3,71.5,6,9,1960.0,7424000.0
4,92.1,7,9,1980.0,10902000.0
2,48.6,8,9,1972.0,4818000.0
3,74.2,4,9,2001.0,9185000.0
2,46.6,19,22,2013.0,7563000.0
3,58.5,6,12,2008.0,8089000.0
5,127.4,10,25,2018.0,18943000.0
1,38.1,2,9,1975.0,4792000.0
1,33.8,4,12,2013.0,4819000.0
2,45.1,9,9,1979.0,5828000.0
2,52.5,4,5,1985.0,6790000.0
2,43.2,9,12,2012.0,7044000.0
1,28.8,20,22,2024.0,4880000.0
2,47.5,4,12,2007.0,8029000.0
2,57.1,4,5,1962.0,5492000.0
2,49.8,9,22,2007.0,7283000.0
3,69.3,5,5,1960.0,6279000.0
3,83.7,10,22,2020.0,12154000.0
2,54.1,19,22,2012.0,7412000.0
3,74.0,7,9,1977.0,7654000.0
2,49.8,4,5,1968.0,5377000.0
2,48.4,9,9,1978.0,5416000.0
2,38.9,13,16,2024.0,7736000.0
1,40.8,3,9,1998.0,5635000.0
1,37.7,12,22,2015.0,7026000.0
2,50.9,8,16,2008.0,7970000.0
3,71.2,1,9,2005.0,9454000.0
3,76.4,3,5,1974.0,8921000.0
1,25.7,11,25,2022.0,4753000.0
2,48.5,2,5,1988.0,5970000.0
1,28.2,2,16,2005.0,4589000.0
3,82.6,9,16,2011.0,13243000.0
3,77.3,10,16,2009.0,12157000.0
2,38.8,2,16,2022.0,6595000.0
2,42.9,4,5,1974.0,4194000.0
2,51.2,4,22,2001.0,7682000.0
2,,2,9,1995.0,6372000.0
3,64.1,3,5,1999.0,8416000.0
3,83.7,2,5,1971.0,8853000.0
2,53.9,5,5,1973.0,6105000.0
2,54.8,2,16,1986.0,7181000.0
1,30.8,4,9,1988.0,4022000.0
1,39.3,4,5,1996.0,5531000.0
1,32.7,4,16,2007.0,5734000.0
2,50.3,9,9,2008.0,5754000.0
4,98.7,7,9,0.0,15006000.0
2,42.2,16,16,1995.0,4587000.0
1,44.6,12,12,1981.0,4655000.0
1,36.1,1,9,0.0,5271000.0
2,59.7,5,9,1989.0,9642000.0
3,65.5,4,5,1959.0,7049000.0
2,46.5,1,5,1996.0,6724000.0
3,65.0,5,9,1999.0,9843000.0
3,73.5,7,9,1982.0,7371000.0
1,35.4,13,16,2005.0,5826000.0
2,49.2,10,22,2004.0,7113000.0
4,88.9,11,12,2011.0,13261000.0
2,44.4,15,22,2009.0,7202000.0
1,,1,16,2009.0,5268000.0
4,92.2,3,9,1989.0,13299000.0
3,67.9,24,25,2015.0,9190000.0
2,61.3,1,9,2003.0,8896000.0
2,51.5,1,9,1996.0,6344000.0
1,42.6,6,16,2007.0,6736000.0
3,68.8,9,9,1992.0,9211000.0
2,53.5,16,22,2001.0,7077000.0
1,34.7,2,12,2013.0,6116000.0
3,61.8,10,25,2020.0,10561000.0
4,103.6,16,16,2021.0,16173000.0
3,71.2,3,12,2001.0,10104000.0
1,39.5,7,12,2002.0,6136000.0
1,30.5,14,30,2016.0,5002000.0
4,94.0,4,5,1989.0,12483000.0
4,89.8,23,30,2018.0,
2,59.4,10,12,2000.0,8230000.0
2,53.9,1,5,1971.0,6432000.0
2,54.2,3,5,,5660000.0
2,60.1,12,16,2018.0,9935000.0
1,41.9,4,9,1963.0,4355000.0
1,39.6,7,9,1986.0,4800000.0
1,26.5,8,12,1990.0,3567000.0
3,67.8,2,5,1977.0,7645000.0
1,29.0,1,9,1989.0,3360000.0
1,39.4,16,16,2013.0,6741000.0
2,53.0,8,9,1954.0,4298000.0
1,26.7,23,25,2017.0,
1,33.9,7,22,2018.0,5771000.0
2,43.0,4,12,1993.0,7696000.0
2,51.7,3,9,1975.0,5493000.0
2,42.1,1,12,2006.0,4938000.0
4,98.2,2,9,1971.0,8940000.0
1,37.3,3,9,1992.0,5763000.0
4,106.4,25,25,2023.0,20471000.0
4,100.1,7,30,2024.0,16790000.0
3,69.5,16,30,2015.0,13157000.0
2,56.9,7,12,1988.0,8028000.0
2,43.6,6,16,2011.0,6948000.0
2,46.2,15,16,2011.0,7309000.0
3,74.0,1,5,1994.0,9981000.0
1,22.1,14,16,2008.0,3998000.0
4,94.8,4,5,1953.0,8285000.0
2,45.9,2,5,1980.0,5158000.0
3,72.6,17,22,2002.0,10720000.0
2,45.5,4,9,1976.0,
1,37.5,5,5,1976.0,4415000.0
2,52.1,1,22,2017.0,9175000.0
2,60.4,1,25,2024.0,10886000.0
2,52.0,7,12,2004.0,8172000.0
2,47.4,24,25,2018.0,8236000.0
1,33.5,2,30,2024.0,6900000.0
2,,4,5,1974.0,5290000.0
2,54.4,9,9,1997.0,7613000.0
4,98.5,5,9,1994.0,12784000.0
1,49.8,5,5,1966.0,5243000.0
2,48.3,10,12,2014.0,7987000.0
1,33.4,2,5,1997.0,4878000.0
2,48.5,5,5,1999.0,8542000.0
2,53.3,4,5,1975.0,5131000.0
2,54.3,1,5,1978.0,6661000.0
4,94.7,15,25,2021.0,15225000.0
1,41.5,4,5,1961.0,4188000.0
3,68.3,13,16,1982.0,10580000.0
1,40.9,7,9,1987.0,5046000.0
1,38.2,5,9,2000.0,5490000.0
2,51.9,3,9,2005.0,7995000.0
1,33.1,4,16,2000.0,4694000.0
2,66.6,1,5,1967.0,7091000.0
3,67.1,6,9,0.0,7913000.0
3,73.8,16,16,2018.0,12840000.0
2,47.5,2,22,2008.0,6523000.0
2,62.7,7,9,2009.0,8206000.0
2,57.3,8,12,2010.0,9019000.0
1,30.9,4,22,2014.0,4554000.0
1,38.1,2,5,1963.0,4496000.0
3,73.5,3,9,1992.0,8514000.0
5,121.9,16,22,2003.0,16565000.0
1,39.5,3,9,1990.0,5790000.0
2,54.3,14,16,2018.0,8786000.0
3,73.3,5,12,2000.0,9174000.0
3,71.7,1,9,2014.0,13654000.0
2,54.6,3,30,2018.0,8445000.0
2,53.4,7,16,,7796000.0
3,72.4,9,22,2021.0,12472000.0
3,68.2,9,12,2005.0,11273000.0
1,,12,25,2018.0,8535000.0
4,88.7,2,12,1990.0,10907000.0
1,37.6,2,9,2000.0,5636000.0
3,70.1,13,22,2002.0,10295000.0
1,45.6,2,5,1970.0,5508000.0
1,29.6,9,12,1994.0,3828000.0
1,30.6,21,22,2021.0,6794000.0
2,46.2,4,9,2008.0,6762000.0
2,53.9,5,9,1977.0,6273000.0
1,26.8,10,12,1990.0,3335000.0
2,49.1,2,5,1979.0,5092000.0
2,39.1,3,5,1957.0,3192000.0
3,73.4,8,25,2021.0,11661000.0
3,69.0,6,9,1997.0,
3,63.1,7,9,1988.0,7477000.0
1,41.5,3,16,2006.0,7255000.0
1,27.2,1,5,1952.0,2068000.0
4,99.8,1,5,1986.0,11107000.0
1,30.8,1,9,2011.0,4794000.0
2,61.6,2,22,2008.0,10725000.0
4,,16,22,2024.0,18295000.0
4,89.0,15,16,2007.0,13836000.0
2,46.5,7,16,1999.0,5825000.0
3,75.6,15,16,2014.0,11148000.0
2,50.4,17,22,2020.0,7675000.0
3,71.0,13,16,2012.0,13148000.0
1,42.6,17,22,2023.0,8415000.0
1,30.5,5,22,2015.0,4912000.0
2,52.5,16,30,2019.0,8582000.0
1,40.7,5,9,1971.0,4249000.0
3,76.9,8,12,2013.0,11574000.0
2,51.0,8,9,1997.0,7656000.0
3,,3,22,2004.0,10445000.0
3,61.6,7,9,2009.0,11887000.0
2,45.7,21,25,2023.0,9185000.0
3,73.9,3,22,2024.0,15044000.0
1,34.2,5,12,1987.0,4982000.0
2,52.4,20,22,2013.0,8287000.0
1,41.2,1,16,2014.0,7251000.0
3,64.9,1,5,1991.0,8057000.0
3,70.6,8,9,1972.0,9010000.0
4,96.1,1,5,1960.0,8882000.0
3,67.8,16,22,2015.0,11678000.0
4,103.6,15,16,2000.0,15482000.0
1,,11,22,2024.0,8987000.0
4,96.7,6,12,1998.0,12000000.0
2,62.8,7,16,2024.0,13382000.0
2,43.0,4,9,1995.0,5942000.0
2,52.0,12,30,2016.0,7561000.0
2,54.2,3,5,1967.0,5161000.0
1,29.5,15,16,2004.0,3956000.0
1,36.8,25,25,2016.0,
1,28.4,26,30,2021.0,4702000.0
2,56.1,3,22,2017.0,9729000.0
3,78.3,3,9,1959.0,8035000.0
2,53.6,7,9,1993.0,6905000.0
2,40.9,3,5,1962.0,3830000.0
2,46.2,4,9,1970.0,4300000.0
2,55.4,7,22,2010.0,8577000.0
1,35.1,2,16,2012.0,7590000.0
3,55.8,8,22,2015.0,10094000.0
1,42.5,10,22,2019.0,7526000.0
3,72.8,4,9,2013.0,11286000.0
3,67.1,17,30,2016.0,11304000.0
2,58.0,3,9,1962.0,5653000.0
3,67.9,2,9,1982.0,8018000.0
1,30.9,11,12,2007.0,5365000.0
3,74.2,9,22,2018.0,11538000.0
3,82.7,2,5,1951.0,6083000.0
3,81.7,11,16,2001.0,12617000.0
3,74.2,9,16,2010.0,10555000.0
3,74.8,3,5,1958.0,7288000.0
5,129.7,3,12,1995.0,18237000.0
2,44.5,22,30,2020.0,6349000.0
3,75.9,2,9,2010.0,12360000.0
3,67.6,8,9,1983.0,7003000.0
2,53.9,10,22,2018.0,9907000.0
4,93.6,3,5,1991.0,12359000.0
2,55.0,9,22,2018.0,11204000.0
2,52.7,6,12,1987.0,7585000.0
1,18.0,8,12,2006.0,2630000.0
1,36.1,3,5,1994.0,4218000.0
3,75.9,3,16,1986.0,9027000.0
2,54.7,13,22,2020.0,8384000.0
2,51.4,3,9,1978.0,7163000.0
1,44.9,1,9,1967.0,4607000.0
2,53.9,11,12,1991.0,7980000.0
3,74.6,6,16,2012.0,11870000.0
3,78.3,15,25,2016.0,13009000.0
1,,5,25,2024.0,7008000.0
2,46.6,4,9,1987.0,6728000.0
2,37.4,4,9,,5430000.0
2,49.1,1,5,1973.0,4634000.0
2,56.6,12,12,2005.0,9644000.0
2,,5,16,2024.0,8719000.0
2,56.8,7,12,2011.0,8806000.0
2,52.9,7,12,2006.0,5905000.0
2,59.7,3,5,1994.0,8854000.0
2,50.2,13,22,2021.0,8922000.0
3,74.8,10,16,,11148000.0
3,75.0,1,5,1973.0,7596000.0
2,61.0,9,12,1992.0,7862000.0
3,61.8,1,5,1964.0,5593000.0
3,,7,16,1980.0,8728000.0
1,40.1,4,9,1955.0,3886000.0
2,61.3,3,5,1998.0,8675000.0
1,36.4,2,22,2008.0,
3,70.2,4,5,1991.0,9430000.0
1,,4,9,,5599000.0
3,77.2,2,25,2023.0,14065000.0
1,32.8,1,12,2014.0,4707000.0
2,54.0,9,16,2003.0,8378000.0
4,102.1,6,9,1986.0,11109000.0
2,63.3,9,16,2020.0,9916000.0
3,76.5,4,5,1982.0,7525000.0
5,125.3,4,5,1989.0,16336000.0
3,71.7,14,16,2021.0,14646000.0
1,38.3,16,16,2002.0,5674000.0
3,71.3,15,16,2013.0,12532000.0
1,36.1,13,16,2006.0,7289000.0
2,45.7,7,16,2009.0,7595000.0
3,,3,5,1987.0,9580000.0
3,65.2,6,9,1983.0,7614000.0
2,49.4,3,12,1989.0,6556000.0
2,52.6,7,9,1975.0,5606000.0
3,83.9,13,22,2019.0,13724000.0
3,69.5,3,5,1986.0,9822000.0
2,48.0,14,16,2004.0,8096000.0
3,68.7,21,30,2015.0,9632000.0
1,45.0,21,22,2015.0,7282000.0
1,18.1,9,9,1997.0,2471000.0
2,46.0,5,5,1999.0,6772000.0
5,141.4,7,22,2024.0,28361000.0
1,38.5,5,22,2010.0,8271000.0
1,28.4,8,25,2017.0,4849000.0
1,34.7,16,22,2020.0,6097000.0
3,72.4,22,25,2015.0,12867000.0
1,40.1,8,9,1978.0,4623000.0
2,63.0,11,16,2004.0,9501000.0
5,127.3,7,9,1969.0,12894000.0
1,31.8,12,12,2009.0,3738000.0
2,56.7,16,22,2023.0,10254000.0
2,47.8,3,16,2001.0,6989000.0
3,65.8,5,9,1997.0,10644000.0
2,41.4,4,9,1959.0,3818000.0
2,42.6,15,22,2023.0,6656000.0
1,29.6,4,5,1969.0,3200000.0
3,64.9,2,5,1960.0,4800000.0
3,73.9,3,9,1983.0,8093000.0
1,27.8,1,5,1964.0,2917000.0
2,33.1,4,12,1998.0,4676000.0
3,65.7,10,12,2001.0,10687000.0
1,32.2,6,9,1988.0,
1,31.4,9,9,1962.0,2941000.0
2,61.1,5,5,1970.0,5917000.0
2,48.3,11,12,1993.0,7308000.0
1,40.3,1,5,1963.0,4186000.0
2,51.9,6,16,2011.0,8972000.0
1,34.7,1,12,1980.0,4815000.0
2,47.0,2,12,1988.0,5946000.0
3,71.6,3,12,1994.0,11318000.0
2,47.4,3,9,1995.0,5977000.0
1,36.0,1,5,,2562000.0
3,70.6,8,9,1970.0,8125000.0
1,29.3,12,22,2019.0,4528000.0
3,78.0,6,9,1950.0,6597000.0
2,54.6,11,16,2001.0,8213000.0
3,69.3,16,16,2000.0,10756000.0
1,35.9,1,5,1990.0,4772000.0
1,34.5,4,9,1996.0,5179000.0
2,46.8,5,16,2015.0,8255000.0
1,35.4,13,22,2018.0,5966000.0
1,31.3,7,12,1985.0,3888000.0
3,66.3,8,9,1989.0,9216000.0
3,62.3,6,9,1983.0,7740000.0
1,32.8,4,16,1999.0,4831000.0
3,75.4,10,16,2010.0,12045000.0
3,67.8,9,9,1982.0,9204000.0
3,87.1,10,16,1990.0,11159000.0
3,77.3,14,22,2022.0,13058000.0
3,79.8,2,9,1962.0,6367000.0
2,56.8,1,5,1998.0,7784000.0
3,83.1,3,12,2012.0,14504000.0
4,90.3,1,5,1975.0,10577000.0
1,19.6,3,5,1961.0,1973000.0
2,49.3,5,5,1973.0,5700000.0
1,38.3,8,16,2021.0,7593000.0
4,95.9,6,9,1953.0,8958000.0
2,53.7,5,5,1978.0,6603000.0
3,79.9,4,5,1958.0,8395000.0
3,74.3,6,9,1970.0,7817000.0
5,129.8,13,16,2007.0,17677000.0
1,29.4,5,16,1983.0,4102000.0
3,65.4,7,16,2004.0,10785000.0
3,81.7,4,9,2006.0,14716000.0
1,35.6,18,22,2018.0,7249000.0
3,68.3,3,5,,6637000.0
2,48.3,16,16,2018.0,8376000.0
2,48.1,5,22,2007.0,7726000.0
2,47.7,2,9,1976.0,4731000.0
1,27.3,18,25,2015.0,4959000.0
1,26.0,17,22,2018.0,4433000.0
1,33.8,9,12,1984.0,4564000.0
1,31.4,7,22,2021.0,5833000.0
2,58.6,1,16,1998.0,8445000.0
2,53.8,4,12,2006.0,8294000.0
1,36.6,8,16,2024.0,7564000.0
3,67.5,3,5,1992.0,6717000.0
3,71.3,24,25,2016.0,12292000.0
2,54.2,14,16,1989.0,8057000.0
4,99.3,24,30,2016.0,19942000.0
2,51.4,1,16,2006.0,8158000.0
3,78.5,3,16,,11181000.0
1,35.0,6,12,1995.0,5262000.0
3,76.8,6,9,1989.0,10194000.0
5,122.1,7,9,1966.0,13065000.0
3,61.1,2,5,1958.0,5547000.0
2,53.6,1,9,1991.0,6355000.0
2,56.4,2,5,1956.0,4713000.0
2,55.5,4,5,1976.0,5679000.0
3,74.5,22,22,2012.0,12204000.0
3,69.9,21,22,2012.0,11462000.0
5,120.2,8,12,2013.0,19134000.0
2,55.3,2,12,1989.0,6923000.0
1,37.6,22,22,2020.0,6879000.0
2,48.6,2,9,2006.0,8156000.0
1,41.7,2,5,1972.0,4261000.0
1,29.7,5,5,1974.0,2902000.0
2,,7,12,2011.0,8630000.0
3,81.8,1,5,1977.0,7807000.0
1,40.2,5,9,2001.0,6630000.0
1,32.9,2,16,2024.0,7224000.0
1,36.7,3,9,1951.0,3642000.0
3,72.9,5,5,1955.0,6452000.0
3,55.5,7,22,2024.0,
1,29.6,15,16,2005.0,5877000.0
1,34.7,3,5,1972.0,3065000.0
2,49.9,15,22,2020.0,8308000.0
1,36.5,12,16,2019.0,7203000.0
2,58.8,9,16,2003.0,8615000.0
2,50.1,1,16,2007.0,8400000.0
4,88.7,12,12,1986.0,10798000.0
1,36.9,3,5,1962.0,3777000.0
3,,8,12,2006.0,10598000.0
1,34.1,5,9,1987.0,4411000.0
4,93.2,8,12,2009.0,14072000.0
5,138.5,8,22,2017.0,24260000.0
3,58.6,5,5,1955.0,4456000.0
2,49.7,3,12,2006.0,8475000.0
1,35.0,8,12,1982.0,4825000.0
3,67.3,10,16,2019.0,12941000.0
3,77.4,3,5,1984.0,8648000.0
1,39.9,1,16,2007.0,5188000.0
2,51.7,5,12,2004.0,7905000.0
2,50.4,1,12,1994.0,8613000.0
3,71.3,12,22,2010.0,12939000.0
3,71.4,16,22,2012.0,11046000.0
2,51.5,7,12,2004.0,8213000.0
2,,10,12,2014.0,9091000.0
1,36.5,10,25,2024.0,5955000.0
2,56.5,4,12,1996.0,9132000.0
1,27.6,8,16,2001.0,4243000.0
3,65.7,2,5,1954.0,5560000.0
2,41.5,13,16,2016.0,7038000.0
2,57.2,10,12,2002.0,9579000.0
1,36.5,3,5,1995.0,4989000.0
1,38.0,4,5,1968.0,3452000.0
2,43.4,1,30,2020.0,7431000.0
1,45.7,1,5,1994.0,5058000.0
1,,5,16,2010.0,5135000.0
3,73.0,4,9,1975.0,9292000.0
2,57.1,6,22,2023.0,10792000.0
2,46.1,3,5,1977.0,5930000.0
2,48.7,8,9,1979.0,6165000.0
3,73.1,11,22,2019.0,15717000.0
2,69.1,10,22,2021.0,11443000.0
3,73.8,1,12,1980.0,8788000.0
4,104.6,4,12,1999.0,14624000.0
3,79.2,18,22,2013.0,14330000.0
2,54.2,25,30,2019.0,9332000.0
3,66.1,1,9,1993.0,10163000.0
2,58.4,1,16,2002.0,7894000.0
2,43.0,14,16,2013.0,8100000.0
2,61.6,3,16,2013.0,10776000.0
2,53.2,15,25,2015.0,8900000.0
1,19.1,14,16,2004.0,3234000.0
2,50.0,8,9,1970.0,5491000.0
1,38.9,13,22,2020.0,7385000.0
2,50.6,10,25,2019.0,8585000.0
2,56.3,18,22,2016.0,8857000.0
4,89.9,4,5,1969.0,9182000.0
1,27.2,11,12,1980.0,2863000.0
2,51.6,9,16,2013.0,9238000.0
2,52.2,5,5,1956.0,3830000.0
1,32.9,17,22,2024.0,6083000.0
1,42.4,1,9,1993.0,6220000.0
1,29.9,4,12,2012.0,5574000.0
1,36.9,18,22,2020.0,5564000.0
1,35.4,2,16,1994.0,5136000.0
2,42.7,7,9,1989.0,5927000.0
2,44.1,8,22,2006.0,6901000.0
1,35.1,3,12,2005.0,6452000.0
1,46.9,7,12,1995.0,6364000.0
1,38.5,15,16,2006.0,5004000.0
2,41.6,23,25,2022.0,7973000.0
2,33.3,5,12,1999.0,4607000.0
2,56.4,1,9,1979.0,5263000.0
1,34.4,15,16,1993.0,4909000.0
1,41.8,9,9,1994.0,6530000.0
4,89.7,4,5,1973.0,8705000.0
1,37.1,4,5,1976.0,5533000.0
1,40.1,9,16,2010.0,6214000.0
1,32.3,1,9,1990.0,4357000.0
5,122.4,4,22,2023.0,19201000.0
2,52.2,2,9,1983.0,
2,55.3,5,5,1969.0,5477000.0
5,124.9,1,16,2014.0,16812000.0
1,40.8,14,25,2019.0,9519000.0
5,122.2,5,12,1986.0,14942000.0
1,27.0,1,12,1980.0,3086000.0
2,63.9,9,9,1978.0,7847000.0
2,48.4,1,16,2002.0,8163000.0
2,48.6,14,16,1999.0,7907000.0
4,94.6,4,5,1984.0,10483000.0
1,35.4,8,9,1961.0,3602000.0
5,122.7,2,12,1999.0,14565000.0
2,51.9,20,22,2023.0,10108000.0
2,51.8,8,12,2009.0,6921000.0
4,96.0,7,16,2000.0,13029000.0
1,20.9,4,5,1970.0,2348000.0
4,106.3,6,16,1984.0,13984000.0
2,51.1,3,9,1987.0,6470000.0
3,75.5,4,12,2014.0,14479000.0
1,26.7,13,22,2019.0,5208000.0
2,49.2,14,22,2020.0,9144000.0
3,68.0,4,16,2024.0,10735000.0
2,60.8,6,22,2024.0,12804000.0
1,31.5,21,22,2023.0,5434000.0
1,39.5,3,5,1965.0,4881000.0
3,,5,5,1973.0,8640000.0
1,32.3,3,9,1988.0,4683000.0
3,70.5,5,16,2004.0,11898000.0
5,132.7,2,5,1969.0,9816000.0
1,23.7,9,16,2018.0,4194000.0
1,27.1,18,22,2007.0,4961000.0
3,60.3,9,16,2003.0,9988000.0
1,28.5,2,5,1976.0,3025000.0
2,47.1,12,12,1984.0,5470000.0
3,62.3,3,5,1976.0,5354000.0
2,47.6,10,25,2018.0,8520000.0
2,39.9,1,16,2005.0,4748000.0
3,65.9,13,22,2013.0,12113000.0
2,59.2,10,16,1987.0,8606000.0
1,37.4,9,9,1993.0,4908000.0
2,53.1,3,12,1995.0,7867000.0
3,66.0,2,12,2014.0,10750000.0
3,62.8,25,25,2015.0,10255000.0
2,45.2,5,9,1980.0,4823000.0
2,51.7,1,16,2022.0,9250000.0
1,40.2,1,5,1971.0,3633000.0
1,40.4,8,16,2020.0,6051000.0
1,38.8,4,5,1969.0,4253000.0
5,120.6,3,9,1985.0,15028000.0
1,35.1,11,30,2018.0,6508000.0
3,70.1,4,5,1978.0,7724000.0
1,33.8,12,12,1995.0,5643000.0
1,47.2,6,12,1998.0,7295000.0
2,41.4,5,12,1983.0,5278000.0
2,50.6,5,12,2012.0,8451000.0
3,79.3,5,30,2018.0,14998000.0
4,86.2,2,25,2019.0,15794000.0
3,68.1,11,12,1990.0,9533000.0
1,31.8,1,22,2002.0,5117000.0
3,70.7,8,9,1984.0,7280000.0
1,25.4,3,9,1983.0,2729000.0
4,98.6,7,9,1976.0,11266000.0
2,56.0,21,22,2022.0,9732000.0
2,55.1,19,25,2020.0,10178000.0
1,29.8,12,16,2015.0,5262000.0
1,35.5,3,9,2002.0,5927000.0
1,29.6,10,16,2000.0,4015000.0
4,93.0,6,9,2002.0,13960000.0
3,84.9,10,22,2003.0,11146000.0
4,95.6,1,5,1997.0,13538000.0
1,27.9,9,9,1973.0,2511000.0
2,53.1,1,5,1972.0,5728000.0
1,26.9,30,30,2023.0,4089000.0
2,44.8,9,9,1999.0,5984000.0
2,45.8,1,16,2023.0,8469000.0
1,32.3,4,5,1976.0,3994000.0
2,57.6,11,16,2004.0,7361000.0
1,38.5,4,16,1980.0,4545000.0
2,55.1,14,16,1984.0,5898000.0
3,65.4,1,5,1958.0,4686000.0
1,31.8,2,5,1971.0,3661000.0
4,96.6,16,16,2021.0,17051000.0
2,48.2,7,9,1989.0,6678000.0
3,70.3,2,16,2006.0,11604000.0
3,74.6,2,9,1998.0,10794000.0
3,69.9,4,12,1994.0,9482000.0
3,73.4,2,22,2002.0,9846000.0
3,81.6,1,5,1978.0,8733000.0
2,51.0,10,16,2024.0,7967000.0
1,42.1,1,16,2017.0,6557000.0
1,38.4,3,9,2013.0,6717000.0
2,43.2,2,5,1999.0,6242000.0
1,28.4,9,9,1975.0,4190000.0
1,30.0,16,16,2021.0,4557000.0
1,29.9,11,12,1991.0,4198000.0
2,51.5,4,9,1962.0,
1,,9,16,1991.0,5289000.0
2,59.5,13,25,2016.0,9717000.0
3,73.8,11,12,2007.0,12568000.0
3,69.3,7,9,2014.0,11019000.0
2,39.5,15,16,2016.0,6555000.0
2,52.4,9,16,1980.0,6045000.0
2,52.2,28,30,2021.0,7898000.0
2,53.1,7,9,1997.0,7124000.0
3,84.6,9,12,2008.0,12887000.0
1,42.4,4,5,1950.0,3588000.0
5,129.7,8,22,2024.0,24651000.0
1,29.2,10,16,1986.0,3852000.0
3,68.9,2,5,1964.0,6644000.0
2,51.4,6,9,1998.0,6165000.0
1,30.3,2,5,1972.0,3679000.0
3,75.0,4,5,1975.0,7940000.0
1,37.1,7,12,2008.0,6631000.0
3,65.5,12,16,1994.0,10337000.0
2,59.2,4,16,2021.0,10220000.0
1,35.6,8,9,1989.0,4453000.0
1,24.6,10,12,2012.0,4223000.0
3,71.7,1,5,1998.0,10212000.0
1,36.7,4,9,,5961000.0
3,77.8,9,12,2006.0,11428000.0
3,70.0,5,5,1999.0,10271000.0
3,77.0,17,22,2022.0,14331000.0
1,36.1,6,12,1991.0,4955000.0
3,64.1,3,9,1977.0,6232000.0
4,86.5,21,22,2010.0,14569000.0
1,41.7,20,22,2018.0,6949000.0
2,59.2,9,9,1960.0,5372000.0
1,36.9,4,12,1998.0,5698000.0
2,61.0,7,16,2020.0,8638000.0
3,78.3,3,12,2014.0,13142000.0
2,56.1,21,22,2024.0,10618000.0
2,46.5,14,16,2002.0,7433000.0
2,62.4,3,16,2009.0,10084000.0
1,38.2,3,9,1988.0,4227000.0
1,32.7,17,30,2022.0,6865000.0
3,68.0,3,5,1992.0,9682000.0
2,53.5,11,22,2013.0,7772000.0
2,42.0,5,12,1995.0,5448000.0
3,76.2,15,22,2004.0,11926000.0
1,29.3,15,16,2012.0,5381000.0
1,37.2,12,12,2001.0,5256000.0
1,31.9,12,25,2021.0,6380000.0
5,123.4,10,12,1996.0,14398000.0
3,67.5,12,16,2008.0,9576000.0
2,51.0,2,9,1991.0,5480000.0
1,46.3,4,5,1995.0,6231000.0
1,43.3,4,9,1997.0,7509000.0
2,54.1,4,5,1972.0,7158000.0
2,51.8,4,5,1968.0,5531000.0
4,100.1,21,22,2010.0,15095000.0
3,78.8,16,16,2009.0,11692000.0
2,47.0,13,16,2009.0,7863000.0
3,71.5,3,5,1956.0,5315000.0
5,114.1,4,9,1989.0,14275000.0
2,58.7,3,5,1979.0,8000000.0
2,64.4,16,16,2015.0,9195000.0
4,95.5,4,16,2019.0,15305000.0
1,22.2,5,9,1983.0,2908000.0
3,75.7,9,12,2010.0,12539000.0
1,29.6,1,5,1972.0,3037000.0
2,48.0,4,5,1986.0,6223000.0
3,75.8,2,5,1973.0,8932000.0
2,53.5,2,5,1986.0,8233000.0
2,49.1,10,16,2010.0,7809000.0
2,48.1,1,22,2021.0,8007000.0
1,35.8,2,9,1980.0,5223000.0
1,32.5,5,9,2003.0,4890000.0
1,28.3,13,22,2011.0,4187000.0
2,50.0,3,22,2023.0,9156000.0
2,54.0,6,16,2007.0,9392000.0
1,33.9,3,9,1984.0,4645000.0
3,63.5,12,22,2007.0,9874000.0
2,57.9,5,16,1989.0,6571000.0
2,35.6,1,22,2024.0,6052000.0
2,49.3,7,12,1994.0,7723000.0
1,31.3,11,12,2010.0,4641000.0
3,72.9,6,9,1957.0,6362000.0
2,55.4,4,9,1994.0,7427000.0
1,41.8,8,16,2019.0,7073000.0
4,90.7,4,22,2007.0,14595000.0
3,75.5,4,16,1997.0,11316000.0
3,73.2,10,22,2022.0,13540000.0
3,61.7,18,30,2018.0,9570000.0
4,106.4,5,9,1989.0,11796000.0
2,43.4,16,16,2003.0,6415000.0
2,54.5,15,22,2000.0,7636000.0
2,54.3,1,12,2008.0,9672000.0
1,36.7,5,9,1990.0,6139000.0
1,32.0,7,12,1983.0,5020000.0
1,40.0,1,16,2021.0,6360000.0
3,62.6,9,22,2021.0,11641000.0
3,71.6,20,22,2018.0,13379000.0
3,68.6,9,25,2024.0,13284000.0
2,47.9,5,9,2013.0,7630000.0
1,37.6,3,12,2014.0,7414000.0
2,58.5,2,16,,9740000.0
2,49.9,2,5,1999.0,7390000.0
4,99.7,7,9,1998.0,12222000.0
3,72.3,12,12,1983.0,9110000.0
4,89.6,11,16,2008.0,13821000.0
3,70.5,5,5,1987.0,9111000.0
4,93.2,11,16,1984.0,12014000.0
2,47.8,11,16,2005.0,7510000.0
1,37.6,4,9,1995.0,5534000.0
1,36.4,1,12,1981.0,4774000.0
2,42.5,11,25,2017.0,7104000.0
1,25.1,22,25,2019.0,3901000.0
1,37.5,3,5,1976.0,4791000.0
4,90.1,7,9,1952.0,6849000.0
1,36.8,1,16,1990.0,4269000.0
4,99.7,5,22,2016.0,15144000.0
3,64.4,8,25,2018.0,11383000.0
2,43.5,4,9,1973.0,4785000.0
3,82.0,30,30,2015.0,10286000.0
2,54.1,5,9,1971.0,5638000.0
2,49.5,4,5,1994.0,7710000.0
1,29.4,11,16,2024.0,5306000.0
4,91.9,3,5,1979.0,10772000.0
2,,5,5,1975.0,5360000.0
1,40.3,3,9,1996.0,6494000.0
3,67.3,1,16,2007.0,11065000.0
3,78.6,23,30,2022.0,10072000.0
2,,15,22,2024.0,10476000.0
2,45.7,3,9,1965.0,4874000.0
1,32.4,5,5,1973.0,4474000.0
3,56.3,4,22,2015.0,8710000.0
1,34.3,2,5,1985.0,3776000.0
1,34.0,4,22,2020.0,6238000.0
1,39.9,3,16,2009.0,
2,40.7,7,9,1970.0,4641000.0
2,59.0,18,25,2017.0,11143000.0
2,56.9,4,5,1977.0,6570000.0
1,42.5,5,5,1996.0,5882000.0
1,34.7,1,9,2003.0,5522000.0
2,58.1,14,22,2001.0,8430000.0
1,26.2,3,22,,
3,76.3,12,12,2009.0,12779000.0
4,90.4,14,22,2024.0,18322000.0
2,42.1,17,22,2024.0,8399000.0
4,88.3,10,16,2001.0,12928000.0
1,35.0,2,5,1968.0,3014000.0
1,30.1,7,9,2012.0,5100000.0
3,74.3,19,22,2024.0,12360000.0
3,61.2,2,9,1989.0,8016000.0
3,59.2,8,9,1998.0,8000000.0
1,43.2,4,5,1996.0,6435000.0
3,77.4,1,9,1962.0,6340000.0
2,45.7,15,16,2010.0,6419000.0
2,52.0,2,9,1991.0,
1,41.1,14,22,2015.0,6541000.0
5,127.5,3,22,2017.0,21745000.0
1,35.9,5,25,2017.0,7042000.0
3,,11,16,1995.0,12080000.0
2,47.6,4,5,1989.0,6819000.0
3,72.2,16,22,2013.0,12284000.0
3,71.9,9,25,2016.0,13045000.0
3,70.4,14,16,2000.0,11815000.0
1,32.7,2,22,2020.0,
1,35.4,5,5,1974.0,3241000.0
2,52.2,5,16,2019.0,8565000.0
2,45.7,6,9,1968.0,5100000.0
1,39.8,9,9,1975.0,4234000.0
1,29.1,4,12,2002.0,
2,50.7,3,5,1965.0,5052000.0
1,33.2,5,5,1962.0,3214000.0
1,37.1,5,5,1950.0,
4,82.3,3,12,,11595000.0
2,57.3,12,22,2015.0,9787000.0
5,120.9,3,9,1959.0,12144000.0
4,102.3,9,16,2009.0,13935000.0
1,32.1,10,25,2017.0,5584000.0
3,71.7,1,9,1976.0,8493000.0
2,63.5,5,5,1974.0,6827000.0
3,70.3,16,25,2019.0,13966000.0
1,42.4,12,25,2017.0,6396000.0
1,35.2,2,12,2003.0,4657000.0
1,37.5,2,16,2017.0,7232000.0
2,52.4,3,5,1968.0,5940000.0
5,130.1,4,5,1994.0,17793000.0
3,67.9,5,16,2013.0,11662000.0
3,66.1,4,5,1984.0,8945000.0
5,121.2,7,16,2014.0,18536000.0
3,72.6,1,9,2001.0,9545000.0
1,33.7,5,9,2014.0,6003000.0
3,76.3,2,9,1998.0,12052000.0
2,59.8,1,5,1992.0,6863000.0
1,29.1,3,16,1981.0,3651000.0
2,47.6,3,9,1980.0,5598000.0
4,86.4,7,12,2014.0,14986000.0
1,47.2,5,5,1971.0,5098000.0
2,53.8,2,5,0.0,5238000.0
1,37.9,1,9,1977.0,4954000.0
1,27.0,2,9,1977.0,3124000.0
1,35.0,8,22,2017.0,6084000.0
3,75.1,3,12,1994.0,8807000.0
3,70.5,8,22,2024.0,11784000.0
1,41.5,9,9,1973.0,4836000.0
1,48.9,7,16,2009.0,8464000.0
1,29.3,6,9,1997.0,4680000.0
1,28.9,9,12,1994.0,4465000.0
2,46.7,4,25,2019.0,9780000.0
3,81.6,6,22,2023.0,13488000.0
2,58.3,13,30,2019.0,8464000.0
2,51.2,5,9,1979.0,5461000.0
2,52.2,1,5,1981.0,5619000.0
1,30.1,11,16,2009.0,4556000.0
1,40.3,4,12,1987.0,5552000.0
4,92.7,6,16,2013.0,17226000.0
3,70.4,10,16,2004.0,12427000.0
4,98.7,21,22,2003.0,15720000.0
4,93.9,22,25,2017.0,19443000.0
2,50.6,16,16,2012.0,7593000.0
4,95.1,3,5,1957.0,7119000.0
2,56.8,1,5,1962.0,5739000.0
1,44.9,5,22,2006.0,5990000.0
1,38.5,6,16,2000.0,5515000.0
1,39.8,2,5,1984.0,5537000.0
1,33.8,4,16,1996.0,4994000.0
2,47.8,4,22,2014.0,7806000.0
3,75.9,5,22,2017.0,11416000.0
3,73.0,6,9,2004.0,11155000.0
2,43.5,5,9,1993.0,6611000.0
1,33.0,1,5,1985.0,4199000.0
3,71.5,7,12,2002.0,9852000.0
2,48.9,11,12,1989.0,5680000.0
1,43.9,10,22,2004.0,6480000.0
1,37.9,4,12,2010.0,6662000.0
2,60.2,3,9,1964.0,6160000.0
1,36.6,4,9,1950.0,2828000.0
3,72.5,2,5,1981.0,6883000.0
3,66.4,15,16,2020.0,12080000.0
3,72.1,16,16,2008.0,9874000.0
1,35.1,4,9,1977.0,4589000.0
3,63.8,21,22,2020.0,10297000.0
3,68.8,11,12,1999.0,9066000.0
1,33.1,1,12,1999.0,4902000.0
2,54.5,13,25,2022.0,11941000.0
2,54.8,6,9,1963.0,5747000.0
2,48.5,3,5,1981.0,5992000.0
1,37.8,6,12,2005.0,6345000.0
2,50.9,3,5,1979.0,5004000.0
1,18.0,16,22,2010.0,2703000.0
1,32.1,5,16,1981.0,3077000.0
1,41.5,6,9,1969.0,5401000.0
4,84.9,2,5,1980.0,11797000.0
1,35.7,9,9,1996.0,5261000.0
2,61.5,1,5,1977.0,6898000.0
2,47.4,1,5,1973.0,4226000.0
3,72.0,1,22,2019.0,11590000.0
2,44.2,5,12,1989.0,6917000.0
4,104.8,4,5,1992.0,14520000.0
1,34.5,9,9,1963.0,3168000.0
1,,8,16,1992.0,4178000.0
2,60.1,3,12,1985.0,8707000.0
2,56.0,4,9,2007.0,8732000.0
3,66.7,3,16,1980.0,
3,68.1,12,25,2020.0,10791000.0
2,55.0,17,22,2022.0,8506000.0
5,121.3,1,9,1969.0,12017000.0
2,39.3,7,9,1970.0,
1,34.7,2,5,1971.0,3750000.0
2,43.1,11,16,2007.0,7294000.0
1,44.7,5,5,1972.0,4931000.0
3,73.1,13,16,2018.0,13900000.0
1,29.6,11,16,2014.0,4990000.0
2,47.8,12,16,2017.0,10597000.0
2,40.7,3,12,2002.0,5771000.0
1,28.4,3,22,2024.0,4883000.0
1,41.1,2,5,1961.0,3674000.0
3,85.4,6,9,1995.0,11772000.0
1,39.4,8,12,1989.0,4546000.0
2,51.4,18,22,2022.0,9382000.0
2,49.4,4,12,2005.0,6171000.0
1,29.3,26,30,2016.0,5289000.0
1,47.4,5,9,1977.0,5014000.0
3,70.9,6,22,2024.0,12275000.0
4,107.7,9,12,2000.0,16854000.0
1,43.4,2,9,2000.0,8274000.0
4,84.6,7,16,2023.0,13484000.0
2,48.0,8,9,1993.0,6530000.0
2,48.0,13,16,1994.0,6210000.0
3,71.5,5,16,2005.0,10074000.0
3,71.6,1,5,,6930000.0
3,90.0,1,16,1989.0,12281000.0
2,45.5,1,5,1979.0,4901000.0
2,53.4,5,5,1969.0,6567000.0
2,55.7,18,22,2019.0,10051000.0
1,35.0,7,12,2005.0,5099000.0
3,72.7,10,16,1992.0,9578000.0
1,28.7,3,9,1995.0,3903000.0
1,35.6,3,12,1996.0,5739000.0
1,38.1,1,12,2008.0,5033000.0
1,37.0,21,30,2021.0,5919000.0
2,55.4,1,25,2022.0,8779000.0
2,60.5,1,9,1994.0,8563000.0
2,57.6,4,5,1990.0,8674000.0
1,35.4,10,16,1998.0,6128000.0
2,45.0,8,16,2004.0,7248000.0
2,48.4,2,9,1998.0,6953000.0
3,70.7,4,22,2009.0,12190000.0
2,53.5,5,9,2004.0,7247000.0
2,49.1,4,9,1989.0,5314000.0
2,46.4,5,9,1991.0,6557000.0
4,87.9,2,9,1993.0,10919000.0
3,62.1,2,5,1968.0,6436000.0
2,50.6,1,5,1976.0,5601000.0
2,43.2,4,9,2012.0,7251000.0
1,29.0,2,5,1994.0,4645000.0
4,92.6,2,5,1981.0,12226000.0
2,44.0,13,22,2004.0,6862000.0
1,37.3,8,16,2014.0,6232000.0
5,129.4,2,9,1984.0,16473000.0
3,68.7,16,22,2017.0,11018000.0
1,32.4,9,25,2021.0,5868000.0
1,38.2,4,9,2006.0,7879000.0
1,30.7,6,12,2010.0,5287000.0
2,47.3,2,9,1962.0,4756000.0
1,42.2,10,22,2022.0,7302000.0
4,100.3,7,12,1994.0,15415000.0
4,98.6,4,30,2021.0,18667000.0
2,57.6,13,22,2005.0,
2,40.1,1,5,1951.0,3166000.0
1,43.1,4,5,1960.0,4670000.0
1,37.4,1,12,2010.0,6774000.0
3,78.1,3,16,2004.0,12285000.0
1,37.3,4,9,1957.0,3464000.0
1,35.3,14,22,,6668000.0
2,50.3,16,22,2018.0,7864000.0
1,37.2,11,22,2000.0,5350000.0
2,50.1,2,9,1999.0,7286000.0
3,77.2,4,9,1952.0,5273000.0
3,62.5,18,22,2015.0,11358000.0
2,48.8,1,5,,5616000.0
3,84.3,12,16,2019.0,13916000.0
2,48.2,7,16,1993.0,6515000.0
3,70.6,1,12,2004.0,10300000.0
2,46.7,7,9,1985.0,5740000.0
1,37.0,1,5,1976.0,4221000.0
4,90.6,9,22,2015.0,15115000.0
1,33.9,5,22,2000.0,5018000.0
1,40.1,6,9,2003.0,5890000.0
1,30.8,1,16,2023.0,6082000.0
2,56.7,3,25,2023.0,7998000.0
2,56.9,12,22,2018.0,9579000.0
2,58.3,5,5,1978.0,6220000.0
3,72.8,1,9,2006.0,11217000.0
1,54.4,8,16,,8457000.0
2,58.3,8,9,1993.0,7649000.0
2,53.9,2,5,1969.0,5638000.0
3,66.7,8,16,2016.0,12492000.0
1,34.4,11,12,1999.0,5457000.0
1,43.6,17,22,2004.0,6174000.0
2,62.3,9,30,2024.0,10667000.0
3,80.9,10,12,2006.0,13710000.0
3,76.7,7,9,1996.0,9595000.0
2,44.5,9,16,1992.0,6038000.0
3,74.9,6,12,1996.0,10638000.0
2,44.6,5,5,1971.0,4415000.0
1,26.1,20,22,2016.0,5887000.0
1,36.4,22,22,2018.0,5984000.0
1,38.1,7,9,1986.0,5378000.0
2,57.4,4,9,1988.0,6962000.0
2,55.0,2,16,2019.0,10031000.0
2,55.2,2,9,1957.0,5368000.0
2,46.1,16,16,2002.0,6194000.0
2,51.4,4,9,1998.0,7405000.0
3,63.0,2,12,2011.0,9317000.0
3,60.0,3,9,1976.0,6118000.0
2,56.4,1,16,2010.0,9526000.0
2,47.5,3,5,1993.0,6197000.0
2,57.2,10,16,2007.0,6814000.0
2,58.7,4,9,1960.0,6458000.0
2,48.3,9,12,1998.0,6436000.0
2,55.5,6,12,2002.0,8135000.0
3,68.0,16,16,1981.0,9166000.0
2,40.9,4,5,1974.0,4533000.0
1,35.7,1,5,1978.0,4128000.0
2,49.2,2,5,1991.0,5844000.0
3,69.4,4,5,1969.0,6135000.0
1,46.9,12,22,2022.0,8586000.0
3,62.8,7,9,1995.0,
1,37.3,9,25,2016.0,6829000.0
2,46.0,1,16,2023.0,7431000.0
2,57.4,8,9,1966.0,5845000.0
1,36.8,10,12,2009.0,5038000.0
4,97.3,15,22,2019.0,17632000.0
2,46.3,9,22,2008.0,7451000.0
4,90.4,1,12,1996.0,14619000.0
1,40.6,9,12,1996.0,6065000.0
3,82.6,6,9,1959.0,6895000.0
4,97.9,7,9,2002.0,14637000.0
2,46.6,3,16,2024.0,8113000.0
1,37.0,17,22,2023.0,7242000.0
3,86.6,4,5,1960.0,8120000.0
2,52.6,11,12,2011.0,7467000.0
4,103.8,6,9,1988.0,11404000.0
2,47.6,22,30,2020.0,8529000.0
1,34.7,4,9,1961.0,3934000.0
1,38.7,18,25,2022.0,7262000.0
3,74.4,18,25,,13829000.0
5,120.4,4,5,1971.0,14370000.0
1,30.1,5,5,1963.0,3008000.0
3,77.9,1,25,2017.0,11593000.0
4,102.1,8,9,1975.0,11844000.0
1,44.1,10,12,2003.0,7868000.0
1,45.8,12,22,2021.0,8910000.0
3,72.8,9,16,2004.0,11970000.0
2,50.1,7,9,1994.0,6664000.0
1,43.1,5,9,1997.0,6363000.0
3,76.3,3,5,1964.0,7458000.0
2,46.1,21,25,2023.0,8193000.0
4,88.8,13,16,1988.0,13026000.0
3,75.0,2,5,1978.0,6763000.0
3,70.9,10,12,1986.0,9149000.0
2,51.8,9,25,2023.0,9180000.0
1,41.4,1,5,1968.0,3717000.0
2,56.6,22,25,2019.0,10464000.0
1,43.0,4,16,2011.0,6802000.0
3,60.4,5,22,2017.0,9933000.0
1,36.5,5,16,,8174000.0
2,56.2,15,30,2018.0,10636000.0
1,25.8,5,30,2022.0,5079000.0
1,31.1,1,5,1972.0,3534000.0
1,30.0,7,16,2016.0,5242000.0
2,52.1,3,12,2003.0,9479000.0
3,81.8,4,16,2003.0,13398000.0
1,47.1,21,22,2020.0,7987000.0
3,67.1,10,16,2023.0,10309000.0
3,75.2,1,22,2011.0,12262000.0
2,55.4,2,12,2000.0,8130000.0
3,74.3,8,9,1998.0,9225000.0
2,54.4,3,9,1994.0,7912000.0
1,36.8,2,9,1992.0,5142000.0
2,62.1,6,9,1994.0,9120000.0
1,41.6,5,5,1968.0,4520000.0
3,65.6,2,5,1966.0,6261000.0
4,99.8,23,30,,17810000.0
3,77.4,4,9,1997.0,10555000.0
2,53.9,4,30,2022.0,9143000.0
2,58.8,13,16,2007.0,8742000.0
5,126.1,9,9,1959.0,12289000.0
1,36.2,5,5,1975.0,3993000.0
1,35.7,2,12,1980.0,5139000.0
2,39.9,13,22,2023.0,8399000.0
2,51.5,4,5,1981.0,5814000.0
2,48.0,1,12,2001.0,4807000.0
1,27.9,16,16,2022.0,5450000.0
2,60.6,4,30,2024.0,10535000.0
1,38.0,5,16,1983.0,4541000.0
1,34.8,9,9,1962.0,3143000.0
1,31.6,3,5,1975.0,3619000.0
2,53.8,7,9,1964.0,6012000.0
3,77.9,5,9,1979.0,9433000.0
2,47.0,10,12,2004.0,8113000.0
3,72.0,2,22,2021.0,13294000.0
3,77.2,11,16,2003.0,11343000.0
2,40.4,1,9,2007.0,5791000.0
3,71.7,2,9,1980.0,9128000.0
3,69.4,13,25,2016.0,12705000.0
2,51.2,6,12,2007.0,8841000.0
1,32.0,4,22,2019.0,5669000.0
1,35.8,18,22,2022.0,6781000.0
5,136.5,4,12,1991.0,19562000.0
3,70.1,8,9,1968.0,7032000.0
4,96.8,1,12,1982.0,10047000.0
4,107.0,3,12,1997.0,14118000.0
1,31.7,7,22,2022.0,5759000.0
3,82.9,8,12,1993.0,12207000.0
2,,7,16,2014.0,9747000.0
3,82.7,2,9,2003.0,10839000.0
1,39.5,6,9,1978.0,4595000.0
1,36.8,12,12,1989.0,4697000.0
3,71.6,3,16,2009.0,12346000.0
3,68.3,6,22,2010.0,10421000.0
2,52.5,6,12,1997.0,7211000.0
2,57.4,7,9,1982.0,6075000.0
2,51.9,2,9,2012.0,8911000.0
4,93.1,2,5,1976.0,10546000.0
2,50.5,6,22,2022.0,8368000.0
2,58.0,4,5,1978.0,6657000.0
2,59.4,1,5,1970.0,6720000.0
2,48.0,8,12,2000.0,6371000.0
2,48.0,6,12,2002.0,6606000.0
2,54.3,6,16,2001.0,9099000.0
3,81.2,11,12,1997.0,11742000.0
4,101.9,19,22,2024.0,19570000.0
4,87.5,10,12,2000.0,13431000.0
2,50.4,5,5,1999.0,6976000.0
2,46.4,2,5,1996.0,6367000.0
3,70.4,5,5,1964.0,7166000.0
3,81.6,2,9,2006.0,14180000.0
2,,3,9,1982.0,5942000.0
3,62.3,13,22,2008.0,8697000.0
3,67.0,4,5,1962.0,7288000.0
3,73.7,15,25,2024.0,12791000.0
3,75.7,3,5,1999.0,10233000.0
1,37.6,9,22,2020.0,6776000.0
2,59.1,10,16,1999.0,9360000.0
2,41.4,3,5,1963.0,4258000.0
1,42.1,12,25,2017.0,7346000.0
3,70.1,13,22,2009.0,12135000.0
2,56.4,14,22,2015.0,9598000.0
1,27.1,3,9,1996.0,3813000.0
3,72.0,3,16,2008.0,10596000.0
3,73.4,5,16,2018.0,13134000.0
3,78.9,4,9,2008.0,12393000.0
2,42.5,1,5,1991.0,4715000.0
3,72.2,4,22,2009.0,12509000.0
2,45.5,16,16,2010.0,6628000.0
2,55.0,7,22,2023.0,11390000.0
1,39.7,7,9,1993.0,4949000.0
2,59.7,2,12,1996.0,8334000.0
3,68.8,30,30,2016.0,10284000.0
2,57.6,3,12,2001.0,7741000.0
2,60.2,5,12,2013.0,9457000.0
3,62.1,13,16,1998.0,10589000.0
3,75.7,4,16,1981.0,9360000.0
1,40.8,13,22,2013.0,6514000.0
4,93.4,4,5,1973.0,8478000.0
3,64.7,1,5,1979.0,
5,130.7,1,12,2007.0,18451000.0
5,117.8,10,12,2013.0,18220000.0
4,93.9,8,30,2020.0,16027000.0
3,71.8,5,5,1985.0,6710000.0
2,56.3,9,9,1970.0,5672000.0
1,31.2,27,30,2023.0,6454000.0
2,47.9,9,9,1975.0,6018000.0
3,72.6,8,9,1979.0,7014000.0
2,58.0,7,16,1987.0,6936000.0
3,85.7,9,9,2002.0,11189000.0
1,26.0,8,22,2020.0,4836000.0
2,53.9,6,9,2014.0,7879000.0
2,45.5,1,22,2012.0,8271000.0
2,,9,9,1977.0,6457000.0
1,29.4,3,5,1992.0,4170000.0
1,31.0,5,5,1999.0,5241000.0
3,68.5,2,5,1974.0,7689000.0
2,51.5,3,9,1986.0,6891000.0
1,36.9,7,12,1988.0,4707000.0
1,,5,5,1972.0,3580000.0
2,52.0,9,16,2003.0,7403000.0
1,,13,16,2011.0,5612000.0
3,76.4,2,5,1965.0,8146000.0
3,71.7,4,5,1999.0,10772000.0
1,42.0,22,30,2015.0,6679000.0
2,47.8,15,16,,8613000.0
1,25.4,2,22,2017.0,3931000.0
2,51.8,4,9,1997.0,6269000.0
3,79.8,3,30,2017.0,12849000.0
2,53.0,5,12,1983.0,7894000.0
3,70.8,10,12,1992.0,11520000.0
1,29.8,6,9,1977.0,3480000.0
2,62.5,13,16,1999.0,8522000.0
2,45.8,7,9,1994.0,5340000.0
2,47.6,12,12,1983.0,5678000.0
5,128.4,11,12,2014.0,21723000.0
1,23.9,6,9,1989.0,3593000.0
3,79.6,15,16,1985.0,11056000.0
3,75.7,1,9,1973.0,7831000.0
2,57.4,7,9,1997.0,8696000.0
2,55.3,5,9,1988.0,6755000.0
2,51.0,16,16,1992.0,6982000.0
1,28.6,9,16,1983.0,3552000.0
3,71.2,3,16,2014.0,12398000.0
2,46.1,12,16,2022.0,8483000.0
4,97.9,12,12,2000.0,13819000.0
2,56.8,1,22,2008.0,9225000.0
2,60.9,2,25,2019.0,8894000.0
3,74.2,17,25,2024.0,11934000.0
2,57.5,9,16,2007.0,8785000.0
4,93.2,13,22,2020.0,13924000.0
1,32.1,2,22,2021.0,5689000.0
5,127.8,15,25,2015.0,20646000.0
3,69.7,6,9,1998.0,
3,73.6,8,9,1966.0,7586000.0
2,45.6,4,9,1955.0,4363000.0
3,66.7,5,12,1999.0,10047000.0
2,55.8,1,12,2000.0,7404000.0
3,77.3,7,12,1995.0,11030000.0
1,29.1,6,9,2004.0,5015000.0
2,56.0,3,9,2003.0,9504000.0
2,48.8,17,22,2018.0,8277000.0
2,52.1,5,5,1970.0,4425000.0
2,60.5,3,16,1982.0,6175000.0
3,76.8,18,30,2016.0,12570000.0
1,39.8,12,16,2018.0,5504000.0
3,83.5,1,25,2024.0,16842000.0
1,30.8,4,22,2019.0,5937000.0
3,66.1,10,25,2020.0,10807000.0
3,67.7,3,16,1989.0,7987000.0
2,50.5,4,9,1995.0,7842000.0
3,57.9,1,5,1985.0,6222000.0
4,93.8,9,9,2006.0,12460000.0
3,68.7,14,22,2022.0,11247000.0
2,56.7,6,16,1991.0,7765000.0
2,54.1,13,16,2004.0,8790000.0
3,68.4,1,9,1987.0,9455000.0
1,38.5,3,5,1977.0,5201000.0
3,76.3,7,9,1979.0,9095000.0
2,47.4,5,5,1963.0,4842000.0
3,69.0,6,25,2022.0,11413000.0
1,21.6,8,12,1995.0,2612000.0
1,28.5,17,22,2017.0,4761000.0
5,120.5,8,9,2010.0,17845000.0
3,72.4,1,5,1979.0,7680000.0
3,66.3,5,5,1977.0,6633000.0
4,91.9,7,25,2016.0,14832000.0
2,44.6,5,12,1985.0,6029000.0
1,36.0,4,16,2021.0,7792000.0
1,37.6,1,5,1974.0,3489000.0
2,54.4,3,9,2010.0,7634000.0
1,35.1,3,16,2017.0,5788000.0
4,85.8,9,12,1982.0,
1,31.3,8,12,1986.0,4141000.0
1,32.6,10,25,2023.0,5672000.0
1,32.6,3,5,1985.0,4670000.0
1,35.4,6,9,1996.0,5790000.0
1,43.6,2,9,1996.0,6496000.0
3,76.9,5,16,1984.0,8895000.0
2,46.1,23,25,2015.0,7946000.0
2,56.1,1,30,2015.0,8736000.0
3,75.8,5,5,1993.0,9705000.0
2,47.2,22,22,2017.0,7255000.0
3,77.1,4,12,1981.0,10267000.0
2,51.0,2,5,1951.0,4253000.0
1,26.5,4,16,2004.0,4697000.0
2,54.7,13,22,2024.0,11162000.0
4,96.3,2,9,1960.0,9419000.0
2,50.6,4,5,1980.0,5790000.0
1,34.8,9,22,2002.0,6062000.0
2,47.7,22,22,2016.0,8024000.0
3,75.7,5,5,1968.0,9456000.0
3,71.7,4,9,1994.0,10309000.0
2,53.0,8,12,2013.0,9363000.0
3,74.1,1,16,1993.0,10004000.0
3,65.1,1,9,1978.0,7215000.0
2,46.6,5,9,1979.0,5410000.0
1,21.7,8,16,1995.0,3303000.0
1,38.4,5,12,1999.0,6203000.0
4,87.7,2,22,2019.0,16947000.0
2,52.8,19,22,2008.0,8621000.0
2,54.2,4,9,2011.0,8396000.0
2,55.6,12,25,2024.0,9681000.0
1,27.8,4,9,1995.0,3567000.0
3,71.6,6,12,1995.0,11757000.0
1,45.0,15,22,2021.0,7864000.0
3,82.3,7,9,1983.0,11246000.0
2,57.9,5,9,2013.0,9826000.0
1,37.0,2,12,2014.0,6664000.0
1,29.0,5,5,1969.0,3021000.0
3,76.3,3,9,1999.0,10277000.0
1,34.1,1,5,1979.0,3662000.0
1,38.4,1,5,1978.0,5294000.0
3,68.2,7,9,1998.0,9992000.0
2,51.0,5,12,1987.0,7376000.0
2,53.0,1,16,2016.0,9698000.0
1,36.5,18,22,2021.0,6466000.0
3,75.0,5,16,2016.0,13227000.0
1,31.5,9,9,1985.0,4018000.0
1,26.9,8,9,1986.0,3213000.0
2,61.7,1,12,1984.0,7245000.0
1,49.9,4,5,1973.0,6162000.0
2,54.7,14,22,2022.0,9214000.0
1,27.1,1,5,1995.0,3683000.0
1,30.4,4,9,1982.0,3866000.0
2,55.1,11,22,2018.0,11471000.0
3,80.0,2,12,1994.0,9111000.0
1,27.7,4,5,1959.0,2815000.0
1,34.3,3,9,1976.0,4042000.0
4,96.2,12,12,2008.0,13547000.0
3,77.2,13,16,2015.0,12597000.0
3,69.9,6,9,1980.0,8988000.0
1,25.6,2,16,2021.0,5072000.0
2,55.7,1,22,2018.0,9265000.0
1,41.7,4,25,2018.0,8349000.0
1,34.5,6,12,1982.0,5031000.0
2,54.4,4,5,1962.0,5661000.0
2,49.2,3,16,2019.0,8058000.0
2,46.9,12,16,1988.0,6465000.0
2,58.2,1,9,2007.0,9115000.0
1,37.3,4,12,2014.0,5989000.0
2,54.9,6,9,1972.0,5079000.0
3,81.0,19,22,2015.0,10845000.0
3,65.7,13,16,2022.0,11730000.0
2,48.7,7,12,2012.0,8214000.0
2,52.9,1,12,1997.0,6360000.0
1,31.6,5,16,,6349000.0
1,39.7,13,16,2002.0,6359000.0
3,70.9,1,12,2013.0,
1,29.0,16,22,2017.0,5385000.0
2,52.4,9,12,2013.0,7730000.0
2,,10,12,1987.0,7206000.0
1,40.6,2,5,1971.0,4930000.0
1,37.4,3,12,1983.0,4625000.0
2,54.8,3,12,2001.0,6984000.0
4,96.9,4,9,2001.0,14575000.0
2,50.9,7,12,2005.0,7069000.0
2,47.7,2,9,1994.0,7398000.0
1,36.7,13,22,2015.0,6204000.0
2,50.0,6,25,2021.0,10314000.0
1,45.1,9,16,1983.0,4647000.0
2,60.1,5,16,2013.0,10058000.0
3,75.8,16,16,,13257000.0
2,54.3,6,16,2002.0,7433000.0
1,34.5,8,9,1978.0,4201000.0
1,27.4,4,22,2016.0,4671000.0
1,33.7,3,25,2023.0,5889000.0
2,52.6,5,22,2012.0,8826000.0
3,73.4,10,22,2021.0,11241000.0
1,37.8,28,30,2024.0,7065000.0
2,57.5,3,12,1991.0,8188000.0
3,67.8,10,12,2008.0,10507000.0
1,30.9,12,16,1999.0,4269000.0
1,43.7,6,16,2024.0,9110000.0
2,56.6,2,5,1968.0,6336000.0
3,69.7,9,9,1995.0,8353000.0
2,51.4,16,22,2019.0,
3,71.4,3,9,1986.0,8311000.0
3,72.2,28,30,2015.0,
3,74.8,4,9,1993.0,10615000.0
5,140.2,2,22,2024.0,27230000.0
3,73.1,21,25,2020.0,12347000.0
3,76.0,5,5,1988.0,
3,61.9,8,16,2014.0,11252000.0
3,69.1,7,9,1990.0,8750000.0
3,79.4,6,22,2006.0,12591000.0
4,97.4,14,16,2009.0,13146000.0
2,25.7,6,16,2017.0,4133000.0
2,56.0,2,5,1957.0,5515000.0
2,63.5,3,5,1981.0,7186000.0
3,60.0,6,22,2012.0,10627000.0
2,61.1,10,16,2004.0,7168000.0
3,55.4,9,12,2000.0,7718000.0
3,,3,5,1963.0,7442000.0
4,94.9,13,16,1991.0,15089000.0
1,20.9,7,16,2019.0,3357000.0
3,,9,9,1958.0,6877000.0
3,78.9,4,12,1994.0,12166000.0
4,97.2,16,22,2022.0,15990000.0
4,98.5,3,5,1962.0,9123000.0
2,49.5,12,12,2014.0,7940000.0
2,40.8,2,9,1984.0,4377000.0
1,39.2,6,30,2019.0,6806000.0
5,135.5,14,16,2013.0,25231000.0
1,41.8,23,25,2020.0,8063000.0
3,60.1,7,9,1981.0,7211000.0
3,62.9,6,12,2002.0,9559000.0
2,46.9,11,25,2015.0,8329000.0
1,25.4,6,9,1983.0,3580000.0
1,35.3,4,5,1982.0,4314000.0
3,74.4,2,5,1957.0,7677000.0
2,43.4,1,25,2023.0,8335000.0
1,39.7,2,16,2012.0,7290000.0
3,75.6,5,12,2008.0,10964000.0
1,31.7,15,22,2013.0,4936000.0
3,71.0,6,12,2002.0,10321000.0
2,40.3,6,9,1999.0,5928000.0
1,33.0,3,5,1998.0,4132000.0
1,35.0,6,22,2008.0,6108000.0
2,53.0,7,9,1980.0,7211000.0
2,54.3,16,22,2020.0,10027000.0
3,73.5,16,16,2016.0,11015000.0
2,50.4,10,12,1991.0,6282000.0
2,53.7,7,16,2005.0,8536000.0
1,41.0,4,5,1974.0,4766000.0
1,34.4,11,30,2023.0,6739000.0
4,96.9,14,16,2020.0,17936000.0
1,33.9,10,16,2021.0,6947000.0
5,121.1,8,9,1990.0,14396000.0
2,55.1,3,9,1977.0,6561000.0
1,31.7,1,9,1980.0,3673000.0
1,37.3,1,5,1968.0,3843000.0
1,35.2,3,5,1971.0,4352000.0
3,70.2,5,5,1965.0,7338000.0
2,50.0,16,25,2024.0,10259000.0
2,49.0,8,9,1965.0,5122000.0
3,62.1,3,5,1973.0,
2,54.3,24,25,2017.0,9026000.0
4,96.4,16,16,2005.0,11681000.0
4,100.1,5,22,2015.0,19051000.0
3,68.8,11,12,2008.0,10546000.0
3,83.4,1,30,2020.0,14533000.0
3,69.7,8,12,2008.0,11789000.0
2,46.7,7,16,2002.0,6144000.0
3,66.0,3,9,2012.0,9812000.0
1,24.6,12,12,1997.0,4066000.0
3,81.2,4,5,1991.0,11314000.0
4,103.2,3,16,1999.0,14213000.0
1,38.6,2,9,1977.0,4662000.0
3,66.6,2,16,2016.0,
4,105.9,4,12,1985.0,14740000.0
1,32.9,1,9,1975.0,3187000.0
2,50.4,3,9,1983.0,7306000.0
4,103.6,17,22,2018.0,19529000.0
4,99.0,11,12,1990.0,13069000.0
1,48.2,13,16,2010.0,7181000.0
2,53.5,11,22,2018.0,10166000.0
3,69.6,7,9,1966.0,7410000.0
1,31.3,12,12,2014.0,4440000.0
2,40.9,1,5,1988.0,4985000.0
1,33.3,9,9,1981.0,5264000.0
1,41.9,7,9,2011.0,7158000.0
2,55.6,9,22,2021.0,9057000.0
3,72.1,5,9,1987.0,8428000.0
2,46.0,6,12,2004.0,8284000.0
3,73.4,2,9,1987.0,10351000.0
2,58.1,4,16,2004.0,10139000.0
1,37.6,5,16,2007.0,6353000.0
1,36.0,1,22,2007.0,6346000.0
1,30.2,9,16,2007.0,4557000.0
2,,3,5,1973.0,6457000.0
1,18.0,4,12,2011.0,3158000.0
1,37.3,3,16,2010.0,7181000.0
1,50.4,12,12,2010.0,8356000.0
3,62.9,4,5,1965.0,5912000.0
2,50.6,6,12,1997.0,7308000.0
4,95.0,9,12,1995.0,11134000.0
3,69.2,4,9,1967.0,5472000.0
2,58.2,2,5,1981.0,7684000.0
1,37.8,4,5,1997.0,5483000.0
2,52.9,13,16,2013.0,8507000.0
1,39.8,8,12,1983.0,5639000.0
2,52.1,13,22,2017.0,10126000.0
2,71.1,1,9,2003.0,10789000.0
2,52.9,8,12,2014.0,10505000.0
1,36.2,6,9,1999.0,5837000.0
3,61.7,7,16,2000.0,9380000.0
3,,3,9,2007.0,11047000.0
3,78.9,16,16,2021.0,11493000.0
2,44.0,5,12,2000.0,7114000.0
2,39.1,3,9,2002.0,4439000.0
1,35.2,12,16,2006.0,5416000.0
3,80.2,5,9,2013.0,13274000.0
2,52.3,6,9,1965.0,4830000.0
1,33.0,11,16,2001.0,4927000.0
2,40.8,6,16,1999.0,7063000.0
4,97.7,5,30,2021.0,19088000.0
2,56.0,3,12,2000.0,7697000.0
2,41.3,5,5,1999.0,5467000.0
2,58.8,12,22,2023.0,9163000.0
2,56.6,6,12,1998.0,8777000.0
2,58.8,2,5,1978.0,6756000.0
1,38.5,7,9,1981.0,3959000.0
2,55.9,5,5,1968.0,5596000.0
3,75.1,4,5,1950.0,6272000.0
1,40.2,7,12,1996.0,6579000.0
3,61.1,8,16,2014.0,10098000.0
1,26.0,14,16,2013.0,4340000.0
3,67.6,8,9,1958.0,7358000.0
2,51.2,4,9,2004.0,7837000.0
3,74.3,5,5,1975.0,8609000.0
2,53.9,19,22,2022.0,9041000.0
4,101.7,8,9,1976.0,12517000.0
2,58.9,1,16,2007.0,7507000.0
3,66.8,1,5,1989.0,8032000.0
3,73.4,7,22,2008.0,
1,29.9,7,9,1995.0,4153000.0
1,33.9,1,12,2014.0,6334000.0
2,53.9,1,12,1982.0,5924000.0
1,18.0,1,30,2021.0,3386000.0
2,66.5,4,16,2001.0,11406000.0
2,55.4,21,22,2014.0,9198000.0
2,48.4,12,16,2018.0,9146000.0
1,46.6,18,25,2024.0,9275000.0
3,69.9,4,12,1982.0,8715000.0
2,52.8,6,9,1987.0,7379000.0
3,69.1,8,9,1984.0,10304000.0
1,44.9,9,16,1985.0,5619000.0
2,51.4,8,9,2005.0,7171000.0
1,35.9,13,22,2024.0,6094000.0
3,79.2,10,30,2024.0,15674000.0
2,55.5,15,22,2002.0,9282000.0
4,94.7,21,22,2008.0,14193000.0
2,58.7,25,30,2019.0,7997000.0
2,67.2,8,16,2022.0,11110000.0
1,36.9,10,16,1980.0,4926000.0
2,52.7,12,12,2002.0,7473000.0
2,,19,25,2017.0,9202000.0
2,59.9,5,9,1988.0,7456000.0
1,31.4,4,12,1997.0,5211000.0
1,33.3,20,22,2024.0,6510000.0
1,25.8,25,25,2024.0,4904000.0
5,117.9,2,16,2021.0,21074000.0
2,48.9,1,16,2016.0,8272000.0
1,34.7,2,9,1985.0,4851000.0
4,105.6,2,5,1989.0,12713000.0
1,38.2,3,16,2003.0,6308000.0
2,46.5,11,12,2004.0,7676000.0
3,67.6,15,16,2001.0,11230000.0
4,103.2,2,9,2008.0,17025000.0
3,78.8,5,5,1995.0,9524000.0
2,52.2,3,16,2013.0,7921000.0
5,122.3,8,9,1990.0,15681000.0
1,41.7,4,9,1990.0,5981000.0
5,119.0,1,5,1972.0,12253000.0
3,74.4,3,5,1978.0,7782000.0
4,108.6,21,25,2018.0,16559000.0
1,36.2,5,5,1997.0,4095000.0
1,30.3,2,9,1982.0,2745000.0
3,74.5,14,16,2014.0,12240000.0
2,49.2,5,16,2004.0,9273000.0
2,43.6,3,5,1956.0,4532000.0
4,99.2,1,9,1989.0,11283000.0
2,58.7,9,9,1977.0,6593000.0
2,,10,12,2009.0,6830000.0
2,49.7,6,9,1986.0,5555000.0
1,29.2,7,9,1964.0,2670000.0
1,34.1,8,9,1963.0,3415000.0
1,31.6,3,16,2005.0,5027000.0
3,65.9,3,9,1956.0,5953000.0
3,83.4,1,16,2018.0,14522000.0
2,54.8,5,9,1975.0,6025000.0
2,55.4,8,16,2006.0,8656000.0
3,77.3,1,9,1997.0,9386000.0
3,76.6,6,9,1997.0,9515000.0
3,69.5,1,5,1965.0,5628000.0
2,53.6,24,30,2016.0,9657000.0
3,70.4,12,16,2020.0,11876000.0
2,54.6,5,5,1953.0,3544000.0
2,54.1,2,9,1977.0,6262000.0
3,69.7,22,25,2020.0,10650000.0
2,44.0,7,12,2003.0,7779000.0
2,52.9,8,9,1975.0,5671000.0
2,50.8,7,9,1980.0,-1.0
2,40.7,15,22,2009.0,7209000.0
2,55.0,1,9,2012.0,7741000.0
3,77.8,7,9,2006.0,12204000.0
2,67.2,12,25,2023.0,12670000.0
1,32.7,11,12,2000.0,5125000.0
3,68.8,7,9,1988.0,9363000.0
2,45.3,1,5,1999.0,5456000.0
4,96.3,11,12,1992.0,13899000.0
1,36.2,2,16,1982.0,4457000.0
2,47.1,3,9,1961.0,4624000.0
2,,4,16,1991.0,7541000.0
3,60.1,22,22,2012.0,9977000.0
1,40.6,1,5,1955.0,3636000.0
4,90.4,8,9,1997.0,13807000.0
2,51.8,5,22,2008.0,8769000.0
2,43.4,15,22,,7834000.0
2,48.5,3,30,2015.0,8112000.0
1,33.3,10,25,0.0,6013000.0
2,51.9,8,12,2012.0,9293000.0
1,37.9,7,9,,3999000.0
2,60.6,14,16,1999.0,
2,56.4,14,16,2006.0,9213000.0
2,57.8,9,16,1983.0,7053000.0
1,43.7,2,5,1960.0,3773000.0
1,38.4,5,16,1981.0,5161000.0
1,34.8,5,5,1998.0,5748000.0
1,41.1,10,16,1995.0,5086000.0
2,58.4,5,5,1977.0,7123000.0
1,38.9,10,22,2017.0,5198000.0
3,63.3,8,16,2021.0,10692000.0
1,30.0,8,9,1980.0,4496000.0
1,33.4,12,16,2022.0,6014000.0
3,76.7,2,9,1955.0,6714000.0
1,34.9,12,22,2021.0,6939000.0
2,,7,30,2023.0,8701000.0
4,102.9,4,5,1954.0,8852000.0
4,102.2,1,9,2014.0,16268000.0
3,79.2,21,25,2023.0,16784000.0
1,28.8,24,25,2021.0,4663000.0
2,54.9,1,22,2023.0,8962000.0
5,121.4,14,22,2003.0,16698000.0
4,85.1,1,9,1966.0,7366000.0
1,33.3,8,22,2018.0,6688000.0
2,59.9,8,22,2007.0,9431000.0
2,54.8,9,16,2007.0,8127000.0
1,47.1,12,12,1996.0,6333000.0
3,73.1,6,12,2005.0,10646000.0
1,49.7,2,5,1975.0,5656000.0
2,53.1,2,12,2013.0,7660000.0
1,35.1,8,9,1966.0,3648000.0
2,44.3,6,16,,7053000.0
1,41.7,11,22,2018.0,6956000.0
2,49.0,2,12,1999.0,7276000.0
1,,4,12,2001.0,4980000.0
4,102.7,5,9,1988.0,12739000.0
1,41.9,28,30,2023.0,7746000.0
2,58.8,4,12,2013.0,11806000.0
1,,6,9,1992.0,5709000.0
1,34.7,5,5,1977.0,-1.0
1,34.6,4,9,,4023000.0
1,39.7,4,12,1998.0,5399000.0
1,44.3,2,30,2022.0,9119000.0
2,54.2,15,16,2013.0,8594000.0
3,83.8,1,9,1981.0,9936000.0
1,40.4,5,22,2019.0,8817000.0
2,50.6,2,9,1993.0,6981000.0
2,57.0,16,22,2018.0,10490000.0
1,45.2,2,5,1983.0,6221000.0
2,64.0,16,22,2007.0,9459000.0
1,42.1,14,22,2021.0,8601000.0
1,35.2,1,9,1984.0,4046000.0
2,50.7,3,9,2011.0,9339000.0
5,128.5,1,25,2024.0,20683000.0
5,135.0,1,5,1975.0,13895000.0
5,127.6,3,5,1967.0,11709000.0
2,54.7,6,22,2010.0,7997000.0
1,35.3,1,9,1990.0,4519000.0
2,50.0,4,9,1965.0,3795000.0
1,34.0,5,9,1999.0,5098000.0
1,35.8,16,16,2014.0,5643000.0
1,45.3,11,16,1986.0,6603000.0
2,50.6,4,9,1990.0,7070000.0
2,52.3,12,25,2018.0,8354000.0
1,29.8,2,12,2002.0,4486000.0
